Threads,Time (seconds)
1,0.285434
2,0.184968
4,0.122690
8,0.092529
16,0.059992
32,0.042853
64,0.106955
