Threads,Time (seconds)
1,0.252763
2,0.160866
4,0.120890
8,0.096275
16,0.065013
32,0.041186
64,0.192206
