Threads,Time (seconds)
1,0.238982
2,0.172344
4,0.115101
8,0.085832
16,0.062512
32,0.041820
64,0.041452
